timestamp,sensor_value,is_anomaly
2026-01-06 16:35:18.194807,48.061546981055734,0.0
2026-01-06 16:35:19.194807,50.64772487745388,0.0
2026-01-06 16:35:20.194807,50.60473119512331,0.0
2026-01-06 16:35:21.194807,47.68148383047735,0.0
2026-01-06 16:35:22.194807,48.26311900931271,0.0
2026-01-06 16:35:23.194807,48.04909950266938,0.0
2026-01-06 16:35:24.194807,50.222200202944016,0.0
2026-01-06 16:35:25.194807,49.29332908624025,0.0
2026-01-06 16:35:26.194807,50.935318399961766,0.0
2026-01-06 16:35:27.194807,46.46142259939469,0.0
2026-01-06 16:35:28.194807,52.800959171108225,0.0
2026-01-06 16:35:29.194807,50.00091697992421,0.0
2026-01-06 16:35:30.194807,51.591137865225896,0.0
2026-01-06 16:35:31.194807,50.311117108722954,0.0
2026-01-06 16:35:32.194807,50.06343774697099,0.0
2026-01-06 16:35:33.194807,51.766572628840365,0.0
2026-01-06 16:35:34.194807,52.602421183743964,0.0
2026-01-06 16:35:35.194807,50.937112820431565,0.0
2026-01-06 16:35:36.194807,51.20795365274886,0.0
2026-01-06 16:35:37.194807,52.89634735822338,0.0
2026-01-06 16:35:38.194807,50.27230451688784,0.0
2026-01-06 16:35:39.194807,49.287451175365625,0.0
2026-01-06 16:35:40.194807,52.89621941324623,0.0
2026-01-06 16:35:41.194807,51.14752327069538,0.0
2026-01-06 16:35:42.194807,49.064491486523764,0.0
2026-01-06 16:35:43.194807,51.21953954658363,0.0
2026-01-06 16:35:44.194807,52.00395839430739,0.0
2026-01-06 16:35:45.194807,50.85563297053963,0.0
2026-01-06 16:35:46.194807,50.47159264469393,0.0
2026-01-06 16:35:47.194807,53.3753758746808,0.0
2026-01-06 16:35:48.194807,55.072551732865676,0.0
2026-01-06 16:35:49.194807,53.1825230218197,0.0
2026-01-06 16:35:50.194807,52.404837419819486,0.0
2026-01-06 16:35:51.194807,54.573852068329515,0.0
2026-01-06 16:35:52.194807,55.305757895750816,0.0
2026-01-06 16:35:53.194807,53.60481805420121,0.0
2026-01-06 16:35:54.194807,55.25149485945225,0.0
2026-01-06 16:35:55.194807,56.27059725806633,0.0
2026-01-06 16:35:56.194807,54.13922472685824,0.0
2026-01-06 16:35:57.194807,53.16166546774534,0.0
2026-01-06 16:35:58.194807,55.36186232763512,0.0
2026-01-06 16:35:59.194807,55.28755312139133,0.0
2026-01-06 16:36:00.194807,56.92142873471239,0.0
2026-01-06 16:36:01.194807,20.72856711946578,1.0
2026-01-06 16:36:02.194807,53.942746924471116,0.0
2026-01-06 16:36:03.194807,53.713320118929445,0.0
2026-01-06 16:36:04.194807,52.184641806144384,0.0
2026-01-06 16:36:05.194807,55.61272353475058,0.0
2026-01-06 16:36:06.194807,56.4098370066542,0.0
2026-01-06 16:36:07.194807,54.19994399293977,0.0
2026-01-06 16:36:08.194807,58.08919212508489,0.0
2026-01-06 16:36:09.194807,57.13499638643307,0.0
2026-01-06 16:36:10.194807,56.84052139034656,0.0
2026-01-06 16:36:11.194807,56.485198712190204,0.0
2026-01-06 16:36:12.194807,57.52835259049106,0.0
2026-01-06 16:36:13.194807,53.45171547842528,0.0
2026-01-06 16:36:14.194807,56.990569020272055,0.0
2026-01-06 16:36:15.194807,57.001772332868484,0.0
2026-01-06 16:36:16.194807,52.76120135487077,0.0
2026-01-06 16:36:17.194807,56.58909562021382,0.0
2026-01-06 16:36:18.194807,55.53004216911628,0.0
2026-01-06 16:36:19.194807,57.39890287225611,0.0
2026-01-06 16:36:20.194807,55.20820666247748,0.0
2026-01-06 16:36:21.194807,55.96703281145357,0.0
2026-01-06 16:36:22.194807,56.61333717151678,0.0
2026-01-06 16:36:23.194807,54.41026410901625,0.0
2026-01-06 16:36:24.194807,57.05133787605592,0.0
2026-01-06 16:36:25.194807,55.766265543921165,0.0
2026-01-06 16:36:26.194807,56.818021681323195,0.0
2026-01-06 16:36:27.194807,54.96363223201773,0.0
2026-01-06 16:36:28.194807,57.82454033347813,0.0
2026-01-06 16:36:29.194807,56.92025097362383,0.0
2026-01-06 16:36:30.194807,55.467048372812144,0.0
2026-01-06 16:36:31.194807,56.876745627068345,0.0
2026-01-06 16:36:32.194807,57.953664911897015,0.0
2026-01-06 16:36:33.194807,58.8522912360202,0.0
2026-01-06 16:36:34.194807,52.7330306253964,0.0
2026-01-06 16:36:35.194807,57.08766049223153,0.0
2026-01-06 16:36:36.194807,56.263006279681015,0.0
2026-01-06 16:36:37.194807,55.18014306261112,0.0
2026-01-06 16:36:38.194807,53.45570294380463,0.0
2026-01-06 16:36:39.194807,57.44469551769269,0.0
2026-01-06 16:36:40.194807,52.82018645844498,0.0
2026-01-06 16:36:41.194807,56.01693480069314,0.0
2026-01-06 16:36:42.194807,57.24053217063929,0.0
2026-01-06 16:36:43.194807,51.91418273397589,0.0
2026-01-06 16:36:44.194807,54.14121873972329,0.0
2026-01-06 16:36:45.194807,52.21713723566776,0.0
2026-01-06 16:36:46.194807,54.89688496191422,0.0
2026-01-06 16:36:47.194807,57.06327899762468,0.0
2026-01-06 16:36:48.194807,57.85565220599487,0.0
2026-01-06 16:36:49.194807,50.884602090104764,0.0
2026-01-06 16:36:50.194807,52.91844593669408,0.0
2026-01-06 16:36:51.194807,55.08415327003966,0.0
2026-01-06 16:36:52.194807,56.52141763029811,0.0
2026-01-06 16:36:53.194807,54.29394475567305,0.0
2026-01-06 16:36:54.194807,52.046444137072285,0.0
2026-01-06 16:36:55.194807,53.77473156738731,0.0
2026-01-06 16:36:56.194807,53.05707608284093,0.0
2026-01-06 16:36:57.194807,52.564167567684905,0.0
2026-01-06 16:36:58.194807,51.44967528920046,0.0
2026-01-06 16:36:59.194807,53.306625081179966,0.0
2026-01-06 16:37:00.194807,52.99868850843535,0.0
2026-01-06 16:37:01.194807,52.109298177374676,0.0
2026-01-06 16:37:02.194807,51.7071176089851,0.0
2026-01-06 16:37:03.194807,49.62022101326424,0.0
2026-01-06 16:37:04.194807,50.882406614712735,0.0
2026-01-06 16:37:05.194807,53.75123116640804,0.0
2026-01-06 16:37:06.194807,51.056474210184284,0.0
2026-01-06 16:37:07.194807,48.625752397743405,0.0
2026-01-06 16:37:08.194807,53.43491843893806,0.0
2026-01-06 16:37:09.194807,51.80121366647778,0.0
2026-01-06 16:37:10.194807,54.45332444683206,0.0
2026-01-06 16:37:11.194807,50.58165659287963,0.0
2026-01-06 16:37:12.194807,49.447463118811456,0.0
2026-01-06 16:37:13.194807,47.479589077064716,0.0
2026-01-06 16:37:14.194807,52.27434688882368,0.0
2026-01-06 16:37:15.194807,54.321462379267814,0.0
2026-01-06 16:37:16.194807,48.02250032035096,0.0
2026-01-06 16:37:17.194807,48.1383275628981,0.0
2026-01-06 16:37:18.194807,50.178311243821696,0.0
2026-01-06 16:37:19.194807,47.41194363382825,0.0
2026-01-06 16:37:20.194807,48.22038665968074,0.0
2026-01-06 16:37:21.194807,47.878067181691286,0.0
2026-01-06 16:37:22.194807,48.653366379755525,0.0
2026-01-06 16:37:23.194807,50.07838614713709,0.0
2026-01-06 16:37:24.194807,47.94723972497067,0.0
2026-01-06 16:37:25.194807,49.361419264323516,0.0
2026-01-06 16:37:26.194807,46.751627351129244,0.0
2026-01-06 16:37:27.194807,78.89781945868305,1.0
2026-01-06 16:37:28.194807,43.25976424384799,0.0
2026-01-06 16:37:29.194807,44.300010225742554,0.0
2026-01-06 16:37:30.194807,48.144589960812034,0.0
2026-01-06 16:37:31.194807,45.45251257600063,0.0
2026-01-06 16:37:32.194807,70.3623941051525,1.0
2026-01-06 16:37:33.194807,47.099585608188406,0.0
2026-01-06 16:37:34.194807,48.3094617852341,0.0
2026-01-06 16:37:35.194807,47.19799671332583,0.0
2026-01-06 16:37:36.194807,47.37594275467151,0.0
2026-01-06 16:37:37.194807,45.15459499137449,0.0
2026-01-06 16:37:38.194807,43.910591102875365,0.0
2026-01-06 16:37:39.194807,43.664373418003954,0.0
2026-01-06 16:37:40.194807,43.91826536613377,0.0
2026-01-06 16:37:41.194807,42.58062323428152,0.0
2026-01-06 16:37:42.194807,43.448608553076774,0.0
2026-01-06 16:37:43.194807,44.08930716283376,0.0
2026-01-06 16:37:44.194807,67.53310204058715,1.0
2026-01-06 16:37:45.194807,43.296920811597246,0.0
2026-01-06 16:37:46.194807,40.2735819528269,0.0
2026-01-06 16:37:47.194807,43.43805873914484,0.0
2026-01-06 16:37:48.194807,43.80852271712047,0.0
2026-01-06 16:37:49.194807,45.192567406127544,0.0
2026-01-06 16:37:50.194807,44.12125786633689,0.0
2026-01-06 16:37:51.194807,41.76636544543998,0.0
2026-01-06 16:37:52.194807,41.468826902067796,0.0
2026-01-06 16:37:53.194807,46.24082438932702,0.0
2026-01-06 16:37:54.194807,43.83718926914948,0.0
2026-01-06 16:37:55.194807,45.62878444588111,0.0
2026-01-06 16:37:56.194807,46.025694023870265,0.0
2026-01-06 16:37:57.194807,40.58428101708168,0.0
2026-01-06 16:37:58.194807,42.618175836491254,0.0
2026-01-06 16:37:59.194807,42.621055651575894,0.0
2026-01-06 16:38:00.194807,42.67920583821264,0.0
2026-01-06 16:38:01.194807,42.52683940773097,0.0
2026-01-06 16:38:02.194807,74.79866354344549,1.0
2026-01-06 16:38:03.194807,41.63605878224879,0.0
2026-01-06 16:38:04.194807,38.509968693909286,0.0
2026-01-06 16:38:05.194807,40.8128381334501,0.0
2026-01-06 16:38:06.194807,39.66525077606255,0.0
2026-01-06 16:38:07.194807,41.14270602979835,0.0
2026-01-06 16:38:08.194807,39.98338454744276,0.0
2026-01-06 16:38:09.194807,41.85201724638362,0.0
2026-01-06 16:38:10.194807,42.1312754284827,0.0
2026-01-06 16:38:11.194807,41.13544303050047,0.0
2026-01-06 16:38:12.194807,41.07640372937548,0.0
2026-01-06 16:38:13.194807,40.60680147053541,0.0
2026-01-06 16:38:14.194807,39.57039213014478,0.0
2026-01-06 16:38:15.194807,40.02203098862291,0.0
2026-01-06 16:38:16.194807,39.37248580946189,0.0
2026-01-06 16:38:17.194807,40.9143850495039,0.0
2026-01-06 16:38:18.194807,40.197646319062,0.0
2026-01-06 16:38:19.194807,41.17970219715392,0.0
2026-01-06 16:38:20.194807,37.707873170368785,0.0
2026-01-06 16:38:21.194807,41.66845177620705,0.0
2026-01-06 16:38:22.194807,38.67357168918675,0.0
2026-01-06 16:38:23.194807,38.70567287206272,0.0
2026-01-06 16:38:24.194807,39.65793193360656,0.0
2026-01-06 16:38:25.194807,38.99018695393974,0.0
2026-01-06 16:38:26.194807,40.5242615431056,0.0
2026-01-06 16:38:27.194807,38.96770617857413,0.0
2026-01-06 16:38:28.194807,38.08211877064266,0.0
2026-01-06 16:38:29.194807,38.495714150196754,0.0
2026-01-06 16:38:30.194807,42.395708416384366,0.0
2026-01-06 16:38:31.194807,40.1347710234976,0.0
2026-01-06 16:38:32.194807,37.979494365207415,0.0
2026-01-06 16:38:33.194807,40.12703004918557,0.0
2026-01-06 16:38:34.194807,37.34708867022753,0.0
2026-01-06 16:38:35.194807,43.409770717519955,0.0
2026-01-06 16:38:36.194807,37.49014060048194,0.0
2026-01-06 16:38:37.194807,41.14646962542537,0.0
2026-01-06 16:38:38.194807,41.31858588060501,0.0
2026-01-06 16:38:39.194807,37.79018745736476,0.0
2026-01-06 16:38:40.194807,41.00560001662576,0.0
2026-01-06 16:38:41.194807,42.32963132255307,0.0
2026-01-06 16:38:42.194807,41.45065143201077,0.0
2026-01-06 16:38:43.194807,41.157767854480696,0.0
2026-01-06 16:38:44.194807,42.4798141844839,0.0
2026-01-06 16:38:45.194807,41.149096605506564,0.0
2026-01-06 16:38:46.194807,41.55753373364207,0.0
2026-01-06 16:38:47.194807,40.82080084182336,0.0
2026-01-06 16:38:48.194807,77.28739826647015,1.0
2026-01-06 16:38:49.194807,39.56121233759733,0.0
2026-01-06 16:38:50.194807,42.79065691931991,0.0
2026-01-06 16:38:51.194807,40.56987420511399,0.0
2026-01-06 16:38:52.194807,39.63425812127304,0.0
2026-01-06 16:38:53.194807,42.37690894963072,0.0
2026-01-06 16:38:54.194807,44.89274045262958,0.0
2026-01-06 16:38:55.194807,43.70625498724487,0.0
2026-01-06 16:38:56.194807,41.18065108718002,0.0
2026-01-06 16:38:57.194807,43.50260392645967,0.0
2026-01-06 16:38:58.194807,41.569399046171604,0.0
2026-01-06 16:38:59.194807,42.308134369143716,0.0
2026-01-06 16:39:00.194807,42.84033916796016,0.0
2026-01-06 16:39:01.194807,38.65934557441409,0.0
2026-01-06 16:39:02.194807,43.329632769944006,0.0
2026-01-06 16:39:03.194807,41.28895813772576,0.0
2026-01-06 16:39:04.194807,42.04750767349343,0.0
2026-01-06 16:39:05.194807,40.81243439956893,0.0
2026-01-06 16:39:06.194807,40.902883374066285,0.0
2026-01-06 16:39:07.194807,42.103898167797105,0.0
2026-01-06 16:39:08.194807,45.45956415265214,0.0
2026-01-06 16:39:09.194807,47.14659985703426,0.0
2026-01-06 16:39:10.194807,44.27900502403114,0.0
2026-01-06 16:39:11.194807,46.46854841697189,0.0
2026-01-06 16:39:12.194807,44.20929978353858,0.0
2026-01-06 16:39:13.194807,41.42613032634872,0.0
2026-01-06 16:39:14.194807,10.322709300896811,1.0
2026-01-06 16:39:15.194807,46.042049802818156,0.0
2026-01-06 16:39:16.194807,75.65712510599292,1.0
2026-01-06 16:39:17.194807,46.163000739716466,0.0
2026-01-06 16:39:18.194807,46.84145160711595,0.0
2026-01-06 16:39:19.194807,44.44994087049013,0.0
2026-01-06 16:39:20.194807,43.540247134292535,0.0
2026-01-06 16:39:21.194807,45.99589313347313,0.0
2026-01-06 16:39:22.194807,46.21084939348255,0.0
2026-01-06 16:39:23.194807,46.15345481007239,0.0
2026-01-06 16:39:24.194807,48.76354180108756,0.0
2026-01-06 16:39:25.194807,50.29144119264385,0.0
2026-01-06 16:39:26.194807,46.634810594819875,0.0
2026-01-06 16:39:27.194807,48.842550413929864,0.0
2026-01-06 16:39:28.194807,49.47826963259344,0.0
2026-01-06 16:39:29.194807,49.268449358779236,0.0
2026-01-06 16:39:30.194807,50.07042683023758,0.0
2026-01-06 16:39:31.194807,47.68438025854431,0.0
2026-01-06 16:39:32.194807,49.91649763638431,0.0
2026-01-06 16:39:33.194807,17.428374216554445,1.0
2026-01-06 16:39:34.194807,50.429874133707706,0.0
2026-01-06 16:39:35.194807,48.06582117120414,0.0
2026-01-06 16:39:36.194807,50.4731259535206,0.0
2026-01-06 16:39:37.194807,51.84827796995928,0.0
2026-01-06 16:39:38.194807,50.4359318234944,0.0
2026-01-06 16:39:39.194807,48.95228881010443,0.0
2026-01-06 16:39:40.194807,46.937377264041004,1.0
2026-01-06 16:39:41.194807,48.10232115383751,0.0
2026-01-06 16:39:42.194807,15.448663738603223,1.0
2026-01-06 16:39:43.194807,50.70238727609127,0.0
2026-01-06 16:39:44.194807,48.77019914051659,0.0
2026-01-06 16:39:45.194807,53.29927320500084,0.0
2026-01-06 16:39:46.194807,51.91398382236565,0.0
2026-01-06 16:39:47.194807,49.36901293927624,0.0
2026-01-06 16:39:48.194807,52.73165169348713,0.0
2026-01-06 16:39:49.194807,51.048666087064746,0.0
2026-01-06 16:39:50.194807,48.57513813175698,0.0
2026-01-06 16:39:51.194807,50.932233811119026,0.0
2026-01-06 16:39:52.194807,52.816148492320366,0.0
2026-01-06 16:39:53.194807,53.652795041214205,0.0
2026-01-06 16:39:54.194807,52.970497306314485,0.0
2026-01-06 16:39:55.194807,52.91480213156674,0.0
2026-01-06 16:39:56.194807,53.83748492466042,0.0
2026-01-06 16:39:57.194807,77.76661795384526,1.0
2026-01-06 16:39:58.194807,55.41654249128549,0.0
2026-01-06 16:39:59.194807,53.71391071332501,0.0
2026-01-06 16:40:00.194807,20.120335470830632,1.0
2026-01-06 16:40:01.194807,54.706134426214895,0.0
2026-01-06 16:40:02.194807,51.96762196951036,0.0
2026-01-06 16:40:03.194807,52.728070909259316,0.0
2026-01-06 16:40:04.194807,56.88651485115846,0.0
2026-01-06 16:40:05.194807,54.86517934760265,0.0
2026-01-06 16:40:06.194807,53.875544873552194,0.0
2026-01-06 16:40:07.194807,55.117556334738474,0.0
2026-01-06 16:40:08.194807,53.75052589555619,0.0
2026-01-06 16:40:09.194807,55.22928120233441,0.0
2026-01-06 16:40:10.194807,63.63549683168735,1.0
2026-01-06 16:40:11.194807,55.43282182723501,0.0
2026-01-06 16:40:12.194807,52.19370313840709,0.0
2026-01-06 16:40:13.194807,57.52239858260885,0.0
2026-01-06 16:40:14.194807,54.29213110134568,0.0
2026-01-06 16:40:15.194807,52.45341497920236,0.0
2026-01-06 16:40:16.194807,54.976356764721935,0.0
2026-01-06 16:40:17.194807,54.786480304010944,0.0
2026-01-06 16:40:18.194807,55.79892423838341,0.0
2026-01-06 16:40:19.194807,53.52877756597917,0.0
2026-01-06 16:40:20.194807,56.36653517164463,0.0
2026-01-06 16:40:21.194807,62.22959609733476,0.0
2026-01-06 16:40:22.194807,53.45682314672051,0.0
2026-01-06 16:40:23.194807,56.41270539141326,0.0
2026-01-06 16:40:24.194807,55.2870282032342,0.0
2026-01-06 16:40:25.194807,56.22960833758278,0.0
2026-01-06 16:40:26.194807,52.65331197422922,0.0
2026-01-06 16:40:27.194807,53.86944992483676,0.0
2026-01-06 16:40:28.194807,56.79037959370226,0.0
2026-01-06 16:40:29.194807,55.91057902385168,0.0
2026-01-06 16:40:30.194807,58.93490215123753,0.0
2026-01-06 16:40:31.194807,54.72957567343565,0.0
2026-01-06 16:40:32.194807,56.31403904851039,0.0
2026-01-06 16:40:33.194807,61.2402777183732,0.0
2026-01-06 16:40:34.194807,54.610360060997856,0.0
2026-01-06 16:40:35.194807,54.348179429998254,0.0
2026-01-06 16:40:36.194807,55.89356048914291,0.0
2026-01-06 16:40:37.194807,55.853314046208986,0.0
2026-01-06 16:40:38.194807,57.42479207167948,0.0
2026-01-06 16:40:39.194807,56.10534119288995,0.0
2026-01-06 16:40:40.194807,54.47185785117841,0.0
2026-01-06 16:40:41.194807,56.17152560416378,0.0
2026-01-06 16:40:42.194807,60.492540309547216,0.0
2026-01-06 16:40:43.194807,57.97950925587604,0.0
2026-01-06 16:40:44.194807,68.62484689467544,1.0
2026-01-06 16:40:45.194807,55.31477575033951,0.0
2026-01-06 16:40:46.194807,53.928157410032085,0.0
2026-01-06 16:40:47.194807,56.55160830697429,0.0
2026-01-06 16:40:48.194807,55.043223177064185,0.0
2026-01-06 16:40:49.194807,93.7529055465179,1.0
2026-01-06 16:40:50.194807,56.86467782083607,0.0
2026-01-06 16:40:51.194807,56.70107807118425,0.0
2026-01-06 16:40:52.194807,49.33963470642004,1.0
2026-01-06 16:40:53.194807,54.83233903777421,0.0
2026-01-06 16:40:54.194807,55.41394273590607,0.0
2026-01-06 16:40:55.194807,57.02560723439635,0.0
2026-01-06 16:40:56.194807,55.54429796534662,0.0
2026-01-06 16:40:57.194807,53.834528507835095,0.0
2026-01-06 16:40:58.194807,56.641840769890266,0.0
2026-01-06 16:40:59.194807,54.568633889156935,0.0
2026-01-06 16:41:00.194807,53.955378091945896,0.0
2026-01-06 16:41:01.194807,52.53904001858838,0.0
2026-01-06 16:41:02.194807,47.80943088287595,1.0
2026-01-06 16:41:03.194807,52.544381687992356,0.0
2026-01-06 16:41:04.194807,48.5205091874198,0.0
2026-01-06 16:41:05.194807,55.231087936547006,0.0
2026-01-06 16:41:06.194807,54.27105503908051,0.0
2026-01-06 16:41:07.194807,75.71305046293638,1.0
2026-01-06 16:41:08.194807,54.82565744327058,0.0
2026-01-06 16:41:09.194807,53.57231857310747,0.0
2026-01-06 16:41:10.194807,53.290820092490634,0.0
2026-01-06 16:41:11.194807,48.00258791723754,0.0
2026-01-06 16:41:12.194807,25.870106166719722,1.0
2026-01-06 16:41:13.194807,53.077161574894,0.0
2026-01-06 16:41:14.194807,54.843764236871884,0.0
2026-01-06 16:41:15.194807,55.08349425139685,0.0
2026-01-06 16:41:16.194807,54.159746381906906,0.0
2026-01-06 16:41:17.194807,49.32236432702482,0.0
2026-01-06 16:41:18.194807,47.27533947061448,0.0
2026-01-06 16:41:19.194807,52.07385622994309,0.0
2026-01-06 16:41:20.194807,50.91067446642648,0.0
2026-01-06 16:41:21.194807,52.40572519615066,0.0
2026-01-06 16:41:22.194807,81.25702689444603,1.0
2026-01-06 16:41:23.194807,50.68811180415759,0.0
2026-01-06 16:41:24.194807,10.400071126581409,1.0
2026-01-06 16:41:25.194807,50.71265211717047,0.0
2026-01-06 16:41:26.194807,48.91040718972762,0.0
2026-01-06 16:41:27.194807,50.14511611421538,0.0
2026-01-06 16:41:28.194807,50.145042512871186,0.0
2026-01-06 16:41:29.194807,48.90925569099357,0.0
2026-01-06 16:41:30.194807,17.49193987333763,1.0
2026-01-06 16:41:31.194807,48.69807031543758,0.0
2026-01-06 16:41:32.194807,49.88953470649175,0.0
2026-01-06 16:41:33.194807,49.22619804836375,0.0
2026-01-06 16:41:34.194807,47.137954106757164,0.0
2026-01-06 16:41:35.194807,46.864526025278444,0.0
2026-01-06 16:41:36.194807,50.861333427686745,0.0
2026-01-06 16:41:37.194807,47.33975966270849,0.0
2026-01-06 16:41:38.194807,49.10821239115338,0.0
2026-01-06 16:41:39.194807,47.831803573738675,0.0
2026-01-06 16:41:40.194807,45.909606367110136,0.0
2026-01-06 16:41:41.194807,45.37882878635374,0.0
2026-01-06 16:41:42.194807,46.74597782137514,0.0
2026-01-06 16:41:43.194807,46.79542019476587,0.0
2026-01-06 16:41:44.194807,47.2440312201677,0.0
2026-01-06 16:41:45.194807,43.66359655288286,0.0
2026-01-06 16:41:46.194807,44.680834469906756,0.0
2026-01-06 16:41:47.194807,45.38910106941777,0.0
2026-01-06 16:41:48.194807,48.25133318347914,0.0
2026-01-06 16:41:49.194807,40.93343361414315,0.0
2026-01-06 16:41:50.194807,45.78569173301208,0.0
2026-01-06 16:41:51.194807,43.83862555266048,0.0
2026-01-06 16:41:52.194807,45.40460184283837,0.0
2026-01-06 16:41:53.194807,43.56208665630921,0.0
2026-01-06 16:41:54.194807,44.92559121451258,0.0
2026-01-06 16:41:55.194807,46.90983455956693,0.0
2026-01-06 16:41:56.194807,44.55757291279774,0.0
2026-01-06 16:41:57.194807,44.52922718556931,0.0
2026-01-06 16:41:58.194807,44.252001561440174,0.0
2026-01-06 16:41:59.194807,42.064810450447524,0.0
2026-01-06 16:42:00.194807,44.230195326111364,0.0
2026-01-06 16:42:01.194807,42.71810059606903,0.0
2026-01-06 16:42:02.194807,41.47547384540779,0.0
2026-01-06 16:42:03.194807,42.713776957943224,0.0
2026-01-06 16:42:04.194807,42.223915676477375,0.0
2026-01-06 16:42:05.194807,43.84253116037639,0.0
2026-01-06 16:42:06.194807,42.26584232901899,0.0
2026-01-06 16:42:07.194807,41.2501851872097,0.0
2026-01-06 16:42:08.194807,44.68778776308244,0.0
2026-01-06 16:42:09.194807,43.71371026980217,0.0
2026-01-06 16:42:10.194807,70.09149691766311,1.0
2026-01-06 16:42:11.194807,42.77503562517167,0.0
2026-01-06 16:42:12.194807,41.36298356005469,0.0
2026-01-06 16:42:13.194807,40.68931357449887,0.0
2026-01-06 16:42:14.194807,40.828215354271464,0.0
2026-01-06 16:42:15.194807,42.92839232556811,0.0
2026-01-06 16:42:16.194807,18.319741184657545,1.0
2026-01-06 16:42:17.194807,38.349273115735265,0.0
2026-01-06 16:42:18.194807,40.85248925279953,0.0
2026-01-06 16:42:19.194807,16.28273008513448,1.0
2026-01-06 16:42:20.194807,41.043644441218234,0.0
2026-01-06 16:42:21.194807,38.49612204838117,0.0
2026-01-06 16:42:22.194807,38.31041838110462,0.0
2026-01-06 16:42:23.194807,40.72609555096658,0.0
2026-01-06 16:42:24.194807,40.30370459017625,0.0
2026-01-06 16:42:25.194807,37.38988856489349,0.0
2026-01-06 16:42:26.194807,41.66920269163909,0.0
2026-01-06 16:42:27.194807,44.16212227347462,0.0
2026-01-06 16:42:28.194807,37.55306171307671,0.0
2026-01-06 16:42:29.194807,43.45112963982023,0.0
2026-01-06 16:42:30.194807,38.898141190254805,0.0
2026-01-06 16:42:31.194807,39.21248553342464,0.0
2026-01-06 16:42:32.194807,39.750484118275125,0.0
2026-01-06 16:42:33.194807,37.446578951305675,0.0
2026-01-06 16:42:34.194807,42.367083413262705,0.0
2026-01-06 16:42:35.194807,40.90107124684371,0.0
2026-01-06 16:42:36.194807,38.65217428780246,0.0
2026-01-06 16:42:37.194807,39.5016288609722,0.0
2026-01-06 16:42:38.194807,37.271506162456475,0.0
2026-01-06 16:42:39.194807,39.38058378664168,0.0
2026-01-06 16:42:40.194807,41.70233161301953,0.0
2026-01-06 16:42:41.194807,36.94522558720984,0.0
2026-01-06 16:42:42.194807,39.268103068248536,0.0
2026-01-06 16:42:43.194807,40.343125621570394,0.0
2026-01-06 16:42:44.194807,41.99625650153273,0.0
2026-01-06 16:42:45.194807,42.57368708464551,0.0
2026-01-06 16:42:46.194807,39.362222199269134,0.0
2026-01-06 16:42:47.194807,5.8980043012264645,1.0
2026-01-06 16:42:48.194807,41.09142060289991,0.0
2026-01-06 16:42:49.194807,39.68182109434934,0.0
2026-01-06 16:42:50.194807,39.837422899091564,0.0
2026-01-06 16:42:51.194807,42.40432855500595,0.0
2026-01-06 16:42:52.194807,43.57078795524974,0.0
2026-01-06 16:42:53.194807,41.081761593351175,0.0
2026-01-06 16:42:54.194807,40.335785565624185,0.0
2026-01-06 16:42:55.194807,41.79319870667893,0.0
2026-01-06 16:42:56.194807,37.45508442781796,0.0
2026-01-06 16:42:57.194807,40.91192618881524,0.0
2026-01-06 16:42:58.194807,39.13231588072056,0.0
2026-01-06 16:42:59.194807,45.44326164935638,0.0
2026-01-06 16:43:00.194807,42.54388317520455,0.0
2026-01-06 16:43:01.194807,41.611449328155985,0.0
2026-01-06 16:43:02.194807,41.12074755039673,0.0
2026-01-06 16:43:03.194807,37.061392124086495,0.0
2026-01-06 16:43:04.194807,42.99308537631362,0.0
2026-01-06 16:43:05.194807,44.76856447019415,0.0
2026-01-06 16:43:06.194807,40.65334788248197,0.0
2026-01-06 16:43:07.194807,43.32865424328178,0.0
2026-01-06 16:43:08.194807,43.536101848171405,0.0
2026-01-06 16:43:09.194807,39.58950223541433,0.0
2026-01-06 16:43:10.194807,81.20459430156255,1.0
2026-01-06 16:43:11.194807,45.106428772404605,0.0
2026-01-06 16:43:12.194807,43.229987320282895,0.0
2026-01-06 16:43:13.194807,42.85914040309109,0.0
2026-01-06 16:43:14.194807,44.548495249069646,0.0
2026-01-06 16:43:15.194807,40.517146370168135,0.0
2026-01-06 16:43:16.194807,43.62170052756481,0.0
2026-01-06 16:43:17.194807,45.51774944265421,0.0
2026-01-06 16:43:18.194807,41.5524318616674,0.0
2026-01-06 16:43:19.194807,45.7469622981521,0.0
2026-01-06 16:43:20.194807,43.38156911520932,0.0
2026-01-06 16:43:21.194807,40.56536308829278,0.0
2026-01-06 16:43:22.194807,44.299284606221576,0.0
2026-01-06 16:43:23.194807,42.921194606099114,0.0
2026-01-06 16:43:24.194807,45.42833836473717,0.0
2026-01-06 16:43:25.194807,42.92884974028741,0.0
2026-01-06 16:43:26.194807,47.116087667929136,0.0
2026-01-06 16:43:27.194807,44.084321061635535,0.0
2026-01-06 16:43:28.194807,46.24590300876767,0.0
2026-01-06 16:43:29.194807,44.72703962921814,0.0
2026-01-06 16:43:30.194807,45.4080980350818,0.0
2026-01-06 16:43:31.194807,48.328878868559826,0.0
2026-01-06 16:43:32.194807,46.766732577798734,0.0
2026-01-06 16:43:33.194807,45.86470915325133,0.0
2026-01-06 16:43:34.194807,44.52047991611425,0.0
2026-01-06 16:43:35.194807,49.05930230950547,0.0
2026-01-06 16:43:36.194807,48.4892899306824,0.0
2026-01-06 16:43:37.194807,22.78182522035003,1.0
2026-01-06 16:43:38.194807,48.00730329617722,0.0
2026-01-06 16:43:39.194807,45.9161277509245,0.0
2026-01-06 16:43:40.194807,46.142814865890934,0.0
2026-01-06 16:43:41.194807,46.68258517614483,0.0
2026-01-06 16:43:42.194807,49.00597315207652,0.0
2026-01-06 16:43:43.194807,51.10217629895196,1.0
2026-01-06 16:43:44.194807,47.42760121578174,0.0
2026-01-06 16:43:45.194807,50.296151912165236,0.0
2026-01-06 16:43:46.194807,50.57901088103965,0.0
2026-01-06 16:43:47.194807,49.67547154789528,0.0
2026-01-06 16:43:48.194807,51.430156307568,0.0
2026-01-06 16:43:49.194807,49.23964694417137,0.0
2026-01-06 16:43:50.194807,49.74820357731362,0.0
2026-01-06 16:43:51.194807,50.99630734579901,0.0
2026-01-06 16:43:52.194807,50.27605928288799,0.0
2026-01-06 16:43:53.194807,51.957070139221145,0.0
2026-01-06 16:43:54.194807,48.462378910253584,0.0
2026-01-06 16:43:55.194807,53.470987074171106,0.0
2026-01-06 16:43:56.194807,49.68393078572726,0.0
2026-01-06 16:43:57.194807,50.977437670512586,0.0
2026-01-06 16:43:58.194807,48.97594110646024,0.0
2026-01-06 16:43:59.194807,52.7153783931912,0.0
2026-01-06 16:44:00.194807,54.105094648764485,0.0
2026-01-06 16:44:01.194807,53.91484335892242,0.0
2026-01-06 16:44:02.194807,53.65933383769115,0.0
2026-01-06 16:44:03.194807,49.52609639415188,0.0
2026-01-06 16:44:04.194807,51.088036300562976,0.0
2026-01-06 16:44:05.194807,51.82749448904295,0.0
2026-01-06 16:44:06.194807,51.1388370183246,0.0
2026-01-06 16:44:07.194807,55.00044171364999,0.0
2026-01-06 16:44:08.194807,53.4667753448115,0.0
2026-01-06 16:44:09.194807,53.242541367594434,0.0
2026-01-06 16:44:10.194807,54.31275299536509,0.0
2026-01-06 16:44:11.194807,51.867458052385494,0.0
2026-01-06 16:44:12.194807,52.08703011622752,0.0
2026-01-06 16:44:13.194807,52.27353568697758,0.0
2026-01-06 16:44:14.194807,54.89032106987127,0.0
2026-01-06 16:44:15.194807,54.740159001114705,0.0
2026-01-06 16:44:16.194807,55.29269834635193,0.0
2026-01-06 16:44:17.194807,56.31615269653357,0.0
2026-01-06 16:44:18.194807,52.05086053245181,0.0
2026-01-06 16:44:19.194807,53.599984508472545,0.0
2026-01-06 16:44:20.194807,54.985176693647524,0.0
2026-01-06 16:44:21.194807,52.39839630513292,0.0
2026-01-06 16:44:22.194807,53.97046960435228,0.0
2026-01-06 16:44:23.194807,56.85154947018573,0.0
2026-01-06 16:44:24.194807,57.10456930540016,0.0
2026-01-06 16:44:25.194807,57.146936144240016,0.0
2026-01-06 16:44:26.194807,55.37083510970367,0.0
2026-01-06 16:44:27.194807,54.991833975709774,0.0
2026-01-06 16:44:28.194807,57.39187490308291,0.0
2026-01-06 16:44:29.194807,54.84865804755155,0.0
2026-01-06 16:44:30.194807,56.19423259817664,0.0
2026-01-06 16:44:31.194807,58.032135929384054,0.0
2026-01-06 16:44:32.194807,55.04144940651869,0.0
2026-01-06 16:44:33.194807,54.655701872118996,0.0
2026-01-06 16:44:34.194807,55.78459074893006,0.0
2026-01-06 16:44:35.194807,56.92041916647347,0.0
2026-01-06 16:44:36.194807,56.748638828881276,0.0
2026-01-06 16:44:37.194807,56.192877751152146,0.0
2026-01-06 16:44:38.194807,56.94096630669806,0.0
2026-01-06 16:44:39.194807,53.08223681675399,0.0
2026-01-06 16:44:40.194807,54.431954609132816,0.0
2026-01-06 16:44:41.194807,56.28456286736676,0.0
2026-01-06 16:44:42.194807,54.326283621560016,0.0
2026-01-06 16:44:43.194807,53.58497044552806,0.0
2026-01-06 16:44:44.194807,53.82300903895898,0.0
2026-01-06 16:44:45.194807,54.336482122190965,0.0
2026-01-06 16:44:46.194807,55.655011811530485,0.0
2026-01-06 16:44:47.194807,54.117634685984164,0.0
2026-01-06 16:44:48.194807,56.3582899253053,0.0
2026-01-06 16:44:49.194807,58.960816989134194,0.0
2026-01-06 16:44:50.194807,55.60907579282673,0.0
2026-01-06 16:44:51.194807,58.13151945268814,0.0
2026-01-06 16:44:52.194807,56.31358909449603,0.0
2026-01-06 16:44:53.194807,88.73119919562656,1.0
2026-01-06 16:44:54.194807,55.23296254896444,0.0
2026-01-06 16:44:55.194807,53.86999709520803,0.0
2026-01-06 16:44:56.194807,56.957600543996634,0.0
2026-01-06 16:44:57.194807,53.43301852065161,0.0
2026-01-06 16:44:58.194807,57.8177925177413,0.0
2026-01-06 16:44:59.194807,56.40181404952147,0.0
2026-01-06 16:45:00.194807,51.64022202207978,0.0
2026-01-06 16:45:01.194807,56.606940085089796,0.0
2026-01-06 16:45:02.194807,57.9007946009669,0.0
2026-01-06 16:45:03.194807,53.58821256247204,0.0
2026-01-06 16:45:04.194807,21.686008800846345,1.0
2026-01-06 16:45:05.194807,51.572538500332165,0.0
2026-01-06 16:45:06.194807,55.15631399983038,0.0
2026-01-06 16:45:07.194807,51.60054053766722,0.0
2026-01-06 16:45:08.194807,55.34382702326991,0.0
2026-01-06 16:45:09.194807,51.13761704799828,0.0
2026-01-06 16:45:10.194807,49.493230163160504,0.0
2026-01-06 16:45:11.194807,54.81790793195264,0.0
2026-01-06 16:45:12.194807,58.0918624728186,0.0
2026-01-06 16:45:13.194807,52.76643549371716,0.0
2026-01-06 16:45:14.194807,55.194262285043,0.0
2026-01-06 16:45:15.194807,53.756998418776575,0.0
2026-01-06 16:45:16.194807,52.82968370813501,0.0
2026-01-06 16:45:17.194807,54.37056865341338,0.0
2026-01-06 16:45:18.194807,56.06679560909115,0.0
2026-01-06 16:45:19.194807,50.73162426383025,0.0
2026-01-06 16:45:20.194807,53.81115502925516,0.0
2026-01-06 16:45:21.194807,53.25566675789442,0.0
2026-01-06 16:45:22.194807,49.905981066182335,0.0
2026-01-06 16:45:23.194807,55.20886404713527,0.0
2026-01-06 16:45:24.194807,55.6411171426663,0.0
2026-01-06 16:45:25.194807,50.24458115276345,0.0
2026-01-06 16:45:26.194807,54.91261133407566,0.0
2026-01-06 16:45:27.194807,51.70790330727423,0.0
2026-01-06 16:45:28.194807,51.13318446422181,0.0
2026-01-06 16:45:29.194807,53.95128468224311,0.0
2026-01-06 16:45:30.194807,51.47046869752595,0.0
2026-01-06 16:45:31.194807,51.45690225394703,0.0
2026-01-06 16:45:32.194807,53.41929614473936,0.0
2026-01-06 16:45:33.194807,52.81688966109178,0.0
2026-01-06 16:45:34.194807,51.91481101955242,0.0
2026-01-06 16:45:35.194807,47.593755760868376,0.0
2026-01-06 16:45:36.194807,47.09072212812082,0.0
2026-01-06 16:45:37.194807,51.75315517623545,0.0
2026-01-06 16:45:38.194807,47.86200109431762,0.0
2026-01-06 16:45:39.194807,49.60040373716802,0.0
2026-01-06 16:45:40.194807,47.20200604497176,0.0
2026-01-06 16:45:41.194807,48.60619119633839,0.0
2026-01-06 16:45:42.194807,46.43608037376323,0.0
2026-01-06 16:45:43.194807,51.47248756571962,0.0
2026-01-06 16:45:44.194807,46.504237554699586,0.0
2026-01-06 16:45:45.194807,47.918584065575004,0.0
2026-01-06 16:45:46.194807,47.599221972194606,0.0
2026-01-06 16:45:47.194807,49.90880319622296,0.0
2026-01-06 16:45:48.194807,44.98202187425798,0.0
2026-01-06 16:45:49.194807,47.278121538819796,0.0
2026-01-06 16:45:50.194807,46.76222970867102,0.0
2026-01-06 16:45:51.194807,47.89397082542507,0.0
2026-01-06 16:45:52.194807,47.591652241374874,0.0
2026-01-06 16:45:53.194807,45.70998323531316,0.0
2026-01-06 16:45:54.194807,46.77959805788174,0.0
2026-01-06 16:45:55.194807,45.47865772241521,0.0
2026-01-06 16:45:56.194807,46.80140848505633,0.0
2026-01-06 16:45:57.194807,45.581242204526106,0.0
2026-01-06 16:45:58.194807,44.39434662431698,0.0
2026-01-06 16:45:59.194807,45.33477181778074,0.0
2026-01-06 16:46:00.194807,45.850827009230464,0.0
2026-01-06 16:46:01.194807,49.088001890305904,0.0
2026-01-06 16:46:02.194807,43.94046593244441,0.0
2026-01-06 16:46:03.194807,45.193926352039725,0.0
2026-01-06 16:46:04.194807,47.09476935163012,0.0
2026-01-06 16:46:05.194807,40.54217705240966,0.0
2026-01-06 16:46:06.194807,40.96931706146075,0.0
2026-01-06 16:46:07.194807,41.793542140428144,0.0
2026-01-06 16:46:08.194807,43.55639309967167,0.0
2026-01-06 16:46:09.194807,47.985520894729774,0.0
2026-01-06 16:46:10.194807,44.13232644525035,0.0
2026-01-06 16:46:11.194807,45.43956787500097,0.0
2026-01-06 16:46:12.194807,42.70549292145003,0.0
2026-01-06 16:46:13.194807,38.51365771010951,0.0
2026-01-06 16:46:14.194807,38.63017160563164,0.0
2026-01-06 16:46:15.194807,44.47785508945881,0.0
2026-01-06 16:46:16.194807,42.83006127118547,0.0
2026-01-06 16:46:17.194807,40.0164351095825,0.0
2026-01-06 16:46:18.194807,44.22486615661034,0.0
2026-01-06 16:46:19.194807,39.30714878945398,0.0
2026-01-06 16:46:20.194807,43.986191312262015,0.0
2026-01-06 16:46:21.194807,44.42804880054241,0.0
2026-01-06 16:46:22.194807,40.31390574369468,0.0
2026-01-06 16:46:23.194807,39.574880774750596,0.0
2026-01-06 16:46:24.194807,42.97221066587361,0.0
2026-01-06 16:46:25.194807,39.36793328371317,0.0
2026-01-06 16:46:26.194807,42.782050061272294,0.0
2026-01-06 16:46:27.194807,38.974665445182424,0.0
2026-01-06 16:46:28.194807,42.479482032298634,0.0
2026-01-06 16:46:29.194807,41.098913852999765,0.0
2026-01-06 16:46:30.194807,40.059492406316075,0.0
2026-01-06 16:46:31.194807,39.139285858136006,0.0
2026-01-06 16:46:32.194807,41.096716813538606,0.0
2026-01-06 16:46:33.194807,37.18444779016856,0.0
2026-01-06 16:46:34.194807,40.02129563214216,0.0
2026-01-06 16:46:35.194807,39.7364332021196,0.0
2026-01-06 16:46:36.194807,41.60676640262059,0.0
2026-01-06 16:46:37.194807,38.06981792837128,0.0
2026-01-06 16:46:38.194807,43.35666442339964,0.0
2026-01-06 16:46:39.194807,39.66225071316856,0.0
2026-01-06 16:46:40.194807,38.129884940841606,0.0
2026-01-06 16:46:41.194807,42.63391652605771,0.0
2026-01-06 16:46:42.194807,43.09756166490581,0.0
2026-01-06 16:46:43.194807,39.7365516666361,0.0
2026-01-06 16:46:44.194807,38.44582869892986,0.0
2026-01-06 16:46:45.194807,40.058852289388135,0.0
2026-01-06 16:46:46.194807,38.77240395318711,0.0
2026-01-06 16:46:47.194807,76.44367310380994,1.0
2026-01-06 16:46:48.194807,42.80570120077109,0.0
2026-01-06 16:46:49.194807,40.70615430145338,0.0
2026-01-06 16:46:50.194807,40.26765493872043,0.0
2026-01-06 16:46:51.194807,40.638987569112686,0.0
2026-01-06 16:46:52.194807,39.9268231556767,0.0
2026-01-06 16:46:53.194807,41.566416249916806,0.0
2026-01-06 16:46:54.194807,41.65950306878143,0.0
2026-01-06 16:46:55.194807,39.44143914227228,0.0
2026-01-06 16:46:56.194807,40.33117954563204,0.0
2026-01-06 16:46:57.194807,44.52652627906059,0.0
2026-01-06 16:46:58.194807,40.985818698898534,0.0
2026-01-06 16:46:59.194807,39.94217956351072,0.0
2026-01-06 16:47:00.194807,44.02077269537236,0.0
2026-01-06 16:47:01.194807,40.40772029388103,0.0
2026-01-06 16:47:02.194807,38.4797774533381,0.0
2026-01-06 16:47:03.194807,41.73807055849644,0.0
2026-01-06 16:47:04.194807,38.97772375932668,0.0
2026-01-06 16:47:05.194807,39.78063176395869,0.0
2026-01-06 16:47:06.194807,41.345826106379754,0.0
2026-01-06 16:47:07.194807,76.61760287086645,1.0
2026-01-06 16:47:08.194807,39.56333047464819,0.0
2026-01-06 16:47:09.194807,50.04213014925045,1.0
2026-01-06 16:47:10.194807,40.066383176490454,0.0
2026-01-06 16:47:11.194807,43.3385029067069,0.0
2026-01-06 16:47:12.194807,63.05070785451753,1.0
2026-01-06 16:47:13.194807,40.43182016202137,0.0
2026-01-06 16:47:14.194807,45.24825291170773,0.0
2026-01-06 16:47:15.194807,40.70386065083582,0.0
2026-01-06 16:47:16.194807,44.50695449003838,0.0
2026-01-06 16:47:17.194807,44.3235530306332,0.0
2026-01-06 16:47:18.194807,41.813299947522424,0.0
2026-01-06 16:47:19.194807,39.67006831241793,0.0
2026-01-06 16:47:20.194807,43.18073443148512,0.0
2026-01-06 16:47:21.194807,43.71998909359267,0.0
2026-01-06 16:47:22.194807,44.398525190037,0.0
2026-01-06 16:47:23.194807,42.93653626141353,0.0
2026-01-06 16:47:24.194807,45.1292314947123,0.0
2026-01-06 16:47:25.194807,45.62073040251102,0.0
2026-01-06 16:47:26.194807,41.38031127383463,0.0
2026-01-06 16:47:27.194807,46.014348820051545,0.0
2026-01-06 16:47:28.194807,43.921371789206994,0.0
2026-01-06 16:47:29.194807,42.757532793764796,0.0
2026-01-06 16:47:30.194807,43.37366395672435,0.0
2026-01-06 16:47:31.194807,47.50068343980032,0.0
2026-01-06 16:47:32.194807,46.06859633323937,0.0
2026-01-06 16:47:33.194807,41.255667110157006,0.0
2026-01-06 16:47:34.194807,44.806987645249336,0.0
2026-01-06 16:47:35.194807,44.587942111566925,0.0
2026-01-06 16:47:36.194807,44.708501877626176,0.0
2026-01-06 16:47:37.194807,44.28762978544522,0.0
2026-01-06 16:47:38.194807,42.77846309755837,0.0
2026-01-06 16:47:39.194807,47.14089036428422,0.0
2026-01-06 16:47:40.194807,44.09012315065355,0.0
2026-01-06 16:47:41.194807,45.30851399450306,0.0
2026-01-06 16:47:42.194807,45.08458613674691,0.0
2026-01-06 16:47:43.194807,45.0542350137025,0.0
2026-01-06 16:47:44.194807,47.89860664813844,0.0
2026-01-06 16:47:45.194807,47.448938022413856,0.0
2026-01-06 16:47:46.194807,45.74279517533628,0.0
2026-01-06 16:47:47.194807,45.454422043687785,0.0
2026-01-06 16:47:48.194807,46.50945962564839,0.0
2026-01-06 16:47:49.194807,49.294777645561574,0.0
2026-01-06 16:47:50.194807,47.980800371915954,0.0
2026-01-06 16:47:51.194807,48.373854272631675,0.0
2026-01-06 16:47:52.194807,47.56379937159204,0.0
2026-01-06 16:47:53.194807,47.890402829344254,0.0
2026-01-06 16:47:54.194807,48.94423783270319,0.0
2026-01-06 16:47:55.194807,45.43581844409,0.0
2026-01-06 16:47:56.194807,63.85474024298556,1.0
2026-01-06 16:47:57.194807,47.73373261725931,0.0
2026-01-06 16:47:58.194807,48.326259400995774,0.0
2026-01-06 16:47:59.194807,51.95540930429472,0.0
2026-01-06 16:48:00.194807,50.14241653870308,0.0
2026-01-06 16:48:01.194807,50.01261650070625,0.0
2026-01-06 16:48:02.194807,49.080508735594826,0.0
2026-01-06 16:48:03.194807,47.512661774758634,0.0
2026-01-06 16:48:04.194807,21.84649698373196,1.0
2026-01-06 16:48:05.194807,52.85432043894261,0.0
2026-01-06 16:48:06.194807,49.27103258547157,0.0
2026-01-06 16:48:07.194807,53.529122695621226,0.0
2026-01-06 16:48:08.194807,49.23113374660101,0.0
2026-01-06 16:48:09.194807,50.12055371794543,0.0
2026-01-06 16:48:10.194807,52.53200739449091,0.0
2026-01-06 16:48:11.194807,51.798881085663666,0.0
2026-01-06 16:48:12.194807,53.217344287196326,0.0
2026-01-06 16:48:13.194807,50.811111094488545,0.0
2026-01-06 16:48:14.194807,50.45896606258413,0.0
2026-01-06 16:48:15.194807,49.12261858936345,0.0
2026-01-06 16:48:16.194807,50.481038125742884,0.0
2026-01-06 16:48:17.194807,50.87220084999623,0.0
2026-01-06 16:48:18.194807,50.39912151452967,0.0
2026-01-06 16:48:19.194807,53.67824372638972,0.0
2026-01-06 16:48:20.194807,52.08016616283661,0.0
2026-01-06 16:48:21.194807,49.845070792765476,0.0
2026-01-06 16:48:22.194807,82.03971648948273,1.0
2026-01-06 16:48:23.194807,52.20866927822947,0.0
2026-01-06 16:48:24.194807,51.58987062171525,0.0
2026-01-06 16:48:25.194807,56.21612452893519,0.0
2026-01-06 16:48:26.194807,56.21325727738301,0.0
2026-01-06 16:48:27.194807,52.170203764989196,0.0
2026-01-06 16:48:28.194807,51.71268184580921,0.0
2026-01-06 16:48:29.194807,52.68497448116106,0.0
2026-01-06 16:48:30.194807,56.633353357744056,0.0
2026-01-06 16:48:31.194807,54.15106062474423,0.0
2026-01-06 16:48:32.194807,53.36252217350562,0.0
2026-01-06 16:48:33.194807,54.86968661417109,0.0
2026-01-06 16:48:34.194807,57.18654637562996,0.0
2026-01-06 16:48:35.194807,52.611660309480875,0.0
2026-01-06 16:48:36.194807,54.51140286420335,0.0
2026-01-06 16:48:37.194807,52.79687485888536,0.0
2026-01-06 16:48:38.194807,59.27733243419171,0.0
2026-01-06 16:48:39.194807,58.7161356249097,0.0
2026-01-06 16:48:40.194807,57.226299079577636,0.0
2026-01-06 16:48:41.194807,55.34042581811289,0.0
2026-01-06 16:48:42.194807,56.828570826947114,0.0
2026-01-06 16:48:43.194807,51.915327190216736,0.0
2026-01-06 16:48:44.194807,56.24850706528464,0.0
2026-01-06 16:48:45.194807,53.3929750561679,0.0
2026-01-06 16:48:46.194807,29.455731659284204,1.0
2026-01-06 16:48:47.194807,54.609156582805326,0.0
2026-01-06 16:48:48.194807,55.279680447679574,0.0
2026-01-06 16:48:49.194807,56.97111916080539,0.0
2026-01-06 16:48:50.194807,57.22122956528087,0.0
2026-01-06 16:48:51.194807,56.45031704506204,0.0
2026-01-06 16:48:52.194807,54.29020345832662,0.0
2026-01-06 16:48:53.194807,57.21428496969935,0.0
2026-01-06 16:48:54.194807,55.78229541340678,0.0
2026-01-06 16:48:55.194807,58.12189339367983,0.0
2026-01-06 16:48:56.194807,54.339119596952045,0.0
2026-01-06 16:48:57.194807,51.00361943980712,0.0
2026-01-06 16:48:58.194807,55.10182224819907,0.0
2026-01-06 16:48:59.194807,59.80966268448104,0.0
2026-01-06 16:49:00.194807,56.75408466518808,0.0
2026-01-06 16:49:01.194807,55.52768062086685,0.0
2026-01-06 16:49:02.194807,57.4306511476412,0.0
2026-01-06 16:49:03.194807,56.70355728541255,0.0
2026-01-06 16:49:04.194807,56.58108309535284,0.0
2026-01-06 16:49:05.194807,42.77427291086051,1.0
2026-01-06 16:49:06.194807,55.778928137354114,0.0
2026-01-06 16:49:07.194807,55.94234565450616,0.0
2026-01-06 16:49:08.194807,54.3570417686195,0.0
2026-01-06 16:49:09.194807,53.4290462745675,0.0
2026-01-06 16:49:10.194807,55.61726816726745,0.0
2026-01-06 16:49:11.194807,57.02989106085784,0.0
2026-01-06 16:49:12.194807,56.36691897070037,0.0
2026-01-06 16:49:13.194807,56.00151133569602,0.0
2026-01-06 16:49:14.194807,55.92624516260911,0.0
2026-01-06 16:49:15.194807,59.57141465071298,0.0
2026-01-06 16:49:16.194807,55.28539838254763,0.0
2026-01-06 16:49:17.194807,56.58640484619121,0.0
2026-01-06 16:49:18.194807,23.122442458190434,1.0
2026-01-06 16:49:19.194807,54.579969473985,0.0
2026-01-06 16:49:20.194807,54.841342656614955,0.0
2026-01-06 16:49:21.194807,56.1212189758372,0.0
2026-01-06 16:49:22.194807,57.1525670061734,0.0
2026-01-06 16:49:23.194807,54.547371343683956,0.0
2026-01-06 16:49:24.194807,54.50247538802157,0.0
2026-01-06 16:49:25.194807,53.874153284035074,0.0
2026-01-06 16:49:26.194807,51.39858612272421,0.0
2026-01-06 16:49:27.194807,55.43500224018044,0.0
2026-01-06 16:49:28.194807,52.8198416288006,0.0
2026-01-06 16:49:29.194807,50.028421129269695,0.0
2026-01-06 16:49:30.194807,52.707358518097394,0.0
2026-01-06 16:49:31.194807,49.69966935378518,0.0
2026-01-06 16:49:32.194807,50.838377818074036,0.0
2026-01-06 16:49:33.194807,52.52037920743272,0.0
2026-01-06 16:49:34.194807,50.664752149498305,0.0
2026-01-06 16:49:35.194807,54.08088769885551,0.0
2026-01-06 16:49:36.194807,49.33734842123411,0.0
2026-01-06 16:49:37.194807,52.282242881899506,0.0
2026-01-06 16:49:38.194807,52.63611255455917,0.0
2026-01-06 16:49:39.194807,54.08223813170767,0.0
2026-01-06 16:49:40.194807,52.93294265232736,0.0
2026-01-06 16:49:41.194807,51.509325038505146,0.0
2026-01-06 16:49:42.194807,51.049007247101784,0.0
2026-01-06 16:49:43.194807,50.611765794408065,0.0
2026-01-06 16:49:44.194807,52.57801539081303,0.0
2026-01-06 16:49:45.194807,49.15568564026957,0.0
2026-01-06 16:49:46.194807,79.08386156311482,1.0
2026-01-06 16:49:47.194807,49.784379216952914,0.0
2026-01-06 16:49:48.194807,50.19168861122203,0.0
2026-01-06 16:49:49.194807,49.09074897859027,0.0
2026-01-06 16:49:50.194807,77.20982465642359,1.0
2026-01-06 16:49:51.194807,47.98629190833605,0.0
2026-01-06 16:49:52.194807,49.426807899732474,0.0
2026-01-06 16:49:53.194807,49.2692956346361,0.0
2026-01-06 16:49:54.194807,49.667997165652245,0.0
2026-01-06 16:49:55.194807,49.184653622542356,0.0
2026-01-06 16:49:56.194807,48.93826526417534,0.0
2026-01-06 16:49:57.194807,49.7415094378388,0.0
2026-01-06 16:49:58.194807,45.065173804038494,0.0
2026-01-06 16:49:59.194807,47.59216670340687,0.0
2026-01-06 16:50:00.194807,45.15429156494668,0.0
2026-01-06 16:50:01.194807,47.59426904394335,0.0
2026-01-06 16:50:02.194807,44.8481117107822,0.0
2026-01-06 16:50:03.194807,45.05099511065856,0.0
2026-01-06 16:50:04.194807,46.47286444386725,0.0
2026-01-06 16:50:05.194807,48.89917263912564,0.0
2026-01-06 16:50:06.194807,47.22978938789901,0.0
2026-01-06 16:50:07.194807,46.53031183706943,0.0
2026-01-06 16:50:08.194807,48.329580329106136,0.0
2026-01-06 16:50:09.194807,43.91082122964241,0.0
2026-01-06 16:50:10.194807,41.656533096114686,0.0
2026-01-06 16:50:11.194807,44.471026097715004,0.0
2026-01-06 16:50:12.194807,44.54661885535796,0.0
2026-01-06 16:50:13.194807,47.08513780499862,0.0
2026-01-06 16:50:14.194807,48.53035921494473,0.0
2026-01-06 16:50:15.194807,42.1055697311713,0.0
2026-01-06 16:50:16.194807,48.78000709160458,0.0
2026-01-06 16:50:17.194807,46.960613444606615,0.0
2026-01-06 16:50:18.194807,45.48035127459748,0.0
2026-01-06 16:50:19.194807,44.46220029147499,0.0
2026-01-06 16:50:20.194807,47.99807862212304,0.0
2026-01-06 16:50:21.194807,43.61024842923437,0.0
2026-01-06 16:50:22.194807,42.44958315752115,0.0
2026-01-06 16:50:23.194807,43.39258216826367,0.0
2026-01-06 16:50:24.194807,40.52058361931099,0.0
2026-01-06 16:50:25.194807,43.68106821859261,0.0
2026-01-06 16:50:26.194807,42.48320086871923,0.0
2026-01-06 16:50:27.194807,43.12865899670599,0.0
2026-01-06 16:50:28.194807,43.03815817752497,0.0
2026-01-06 16:50:29.194807,40.343594312465626,0.0
2026-01-06 16:50:30.194807,44.48209698642684,0.0
2026-01-06 16:50:31.194807,40.153313077531294,0.0
2026-01-06 16:50:32.194807,43.449561416746505,0.0
2026-01-06 16:50:33.194807,38.85762781478095,0.0
2026-01-06 16:50:34.194807,42.273143541997825,0.0
2026-01-06 16:50:35.194807,7.011170511123417,1.0
2026-01-06 16:50:36.194807,41.45094257541109,0.0
2026-01-06 16:50:37.194807,40.09269840275377,0.0
2026-01-06 16:50:38.194807,37.23064498369146,0.0
2026-01-06 16:50:39.194807,39.053732046574524,0.0
2026-01-06 16:50:40.194807,41.087805953928786,0.0
2026-01-06 16:50:41.194807,41.99575595705534,0.0
2026-01-06 16:50:42.194807,45.14089178425872,1.0
2026-01-06 16:50:43.194807,36.877468606071815,0.0
2026-01-06 16:50:44.194807,39.054668941498534,0.0
2026-01-06 16:50:45.194807,40.170566228947656,0.0
2026-01-06 16:50:46.194807,39.342486977053255,0.0
2026-01-06 16:50:47.194807,38.96076302910603,0.0
2026-01-06 16:50:48.194807,73.88986633026963,1.0
2026-01-06 16:50:49.194807,42.04280062322694,0.0
2026-01-06 16:50:50.194807,41.589630777275545,0.0
2026-01-06 16:50:51.194807,38.5212209794894,0.0
2026-01-06 16:50:52.194807,40.30685437996948,0.0
2026-01-06 16:50:53.194807,39.785933697547804,0.0
2026-01-06 16:50:54.194807,37.53496136460338,0.0
2026-01-06 16:50:55.194807,13.667691905995568,1.0
2026-01-06 16:50:56.194807,40.21734043178102,0.0
2026-01-06 16:50:57.194807,39.170970547755786,0.0
2026-01-06 16:50:58.194807,42.58518791572462,0.0
2026-01-06 16:50:59.194807,41.40329041142938,0.0
2026-01-06 16:51:00.194807,41.56902350489733,0.0
2026-01-06 16:51:01.194807,42.193082475901434,0.0
2026-01-06 16:51:02.194807,41.3349096945928,0.0
2026-01-06 16:51:03.194807,37.78000749359588,0.0
2026-01-06 16:51:04.194807,39.37731207308752,0.0
2026-01-06 16:51:05.194807,41.90760147394792,0.0
2026-01-06 16:51:06.194807,38.74747202301617,0.0
2026-01-06 16:51:07.194807,40.23253416194294,0.0
2026-01-06 16:51:08.194807,40.9212581448053,0.0
2026-01-06 16:51:09.194807,42.844448892773364,0.0
2026-01-06 16:51:10.194807,42.63673066819289,0.0
2026-01-06 16:51:11.194807,41.97009481576374,0.0
2026-01-06 16:51:12.194807,40.07617197242921,0.0
2026-01-06 16:51:13.194807,42.12208375560643,0.0
2026-01-06 16:51:14.194807,41.494150684346984,0.0
2026-01-06 16:51:15.194807,32.32528629501478,1.0
2026-01-06 16:51:16.194807,16.138022846325946,1.0
2026-01-06 16:51:17.194807,41.66656578694229,0.0
2026-01-06 16:51:18.194807,39.50219556123212,0.0
2026-01-06 16:51:19.194807,43.2334090465138,0.0
2026-01-06 16:51:20.194807,40.59052232158199,0.0
2026-01-06 16:51:21.194807,42.218284609163156,0.0
2026-01-06 16:51:22.194807,38.50998267214536,0.0
2026-01-06 16:51:23.194807,41.327298600289744,0.0
2026-01-06 16:51:24.194807,39.77150503819499,0.0
2026-01-06 16:51:25.194807,39.84029414599749,0.0
2026-01-06 16:51:26.194807,38.272712953378914,0.0
2026-01-06 16:51:27.194807,45.69439273600987,0.0
2026-01-06 16:51:28.194807,41.694955380314134,0.0
2026-01-06 16:51:29.194807,42.52598577208924,0.0
2026-01-06 16:51:30.194807,44.227727447456004,0.0
2026-01-06 16:51:31.194807,42.153800461858474,0.0
2026-01-06 16:51:32.194807,43.44064102632721,0.0
2026-01-06 16:51:33.194807,40.21673348749019,0.0
2026-01-06 16:51:34.194807,43.16665220353792,0.0
2026-01-06 16:51:35.194807,42.2214861584095,0.0
2026-01-06 16:51:36.194807,44.02409809820076,0.0
2026-01-06 16:51:37.194807,43.60848138102168,0.0
2026-01-06 16:51:38.194807,40.95113173971849,0.0
2026-01-06 16:51:39.194807,40.27736938836617,0.0
2026-01-06 16:51:40.194807,41.951999515957674,0.0
2026-01-06 16:51:41.194807,45.27670232609985,0.0
2026-01-06 16:51:42.194807,44.888326445174386,0.0
2026-01-06 16:51:43.194807,45.024640232513974,0.0
2026-01-06 16:51:44.194807,40.84216282010485,0.0
2026-01-06 16:51:45.194807,39.816176980409786,0.0
2026-01-06 16:51:46.194807,43.716368697989374,0.0
2026-01-06 16:51:47.194807,44.42438996956864,0.0
2026-01-06 16:51:48.194807,44.1230509622232,0.0
2026-01-06 16:51:49.194807,46.03524914596557,0.0
2026-01-06 16:51:50.194807,45.278281926808226,0.0
2026-01-06 16:51:51.194807,43.64249678562144,0.0
2026-01-06 16:51:52.194807,44.38567023004769,0.0
2026-01-06 16:51:53.194807,46.420669844165346,0.0
2026-01-06 16:51:54.194807,46.488723792392,0.0
2026-01-06 16:51:55.194807,46.420131262561846,0.0
2026-01-06 16:51:56.194807,50.8319260208789,0.0
2026-01-06 16:51:57.194807,46.475381816381656,0.0
